Rank,Players_name,Players_age,Team,Games_played,Games_started,Minutes_played_per_game,Field_goals_per_game,Field_goal_attempts_per_game,Field_goal_percentage,3_point_field_goals_per_game,3_point_field_goal_attempts_per_game,3_point_field_goal_percentage,2_point_field_goals_per_game,2_point_field_goal_attempts_per_game,2_point_field_goal_percentage,Effective_field_goal_percentage,Free_throws_per_game,Free_throw_attempts_per_game,Free_throw_percentage,Offensive_rebounds_per_game,Defensive_rebounds_per_game,Total_rebounds_per_game,Assists_per_game,Steals_per_game,Blocks_per_game,Turnovers_per_game,Personal_fouls_per_game,Points_per_game,Class,Total_stats,Points_per_game_percentage,Total_rebounds_per_game_percentage,Assists_per_game_percentage,Steals_per_game_percentage,Blocks_per_game_percentage,Turnovers_per_game_percentage,3_point_field_goals_per_game_percentage
1,Precious Achiuwa,22,TOR,6,1,27.8,4.2,8.7,0.481,0.8,2.7,0.313,3.3,6.0,0.556,0.529,1.0,1.7,0.6,1.3,3.5,4.8,1.0,0.2,0.8,1.5,2.3,10.2,0,19.3,0.5284974093264249,0.24870466321243523,0.05181347150259067,0.010362694300518135,0.04145077720207254,0.07772020725388601,0.04145077720207254
2,Steven Adams,28,MEM,7,5,16.3,1.3,3.0,0.429,0.0,0.0,0.0,1.3,3.0,0.429,0.429,0.9,1.6,0.545,2.1,4.3,6.4,2.1,0.1,0.1,0.6,1.7,3.4,0,12.7,0.2677165354330709,0.5039370078740159,0.16535433070866143,0.007874015748031498,0.007874015748031498,0.047244094488188976,0.0
3,Bam Adebayo,24,MIA,18,18,34.1,5.8,9.7,0.594,0.0,0.1,0.0,5.8,9.7,0.598,0.594,3.2,4.2,0.763,2.1,5.9,8.0,2.7,1.0,0.7,2.1,3.1,14.8,0,29.3,0.5051194539249146,0.27303754266211605,0.09215017064846416,0.034129692832764506,0.02389078498293515,0.07167235494880546,0.0
4,Nickeil Alexander-Walker,23,UTA,1,0,5.0,2.0,2.0,1.0,0.0,0.0,0.0,2.0,2.0,1.0,1.0,1.0,1.0,1.0,0.0,1.0,1.0,1.0,1.0,0.0,0.0,0.0,5.0,2,8.0,0.625,0.125,0.125,0.125,0.0,0.0,0.0
5,Grayson Allen,26,MIL,12,5,25.4,3.1,6.8,0.451,1.6,4.0,0.396,1.5,2.8,0.529,0.567,0.6,0.9,0.636,0.4,2.5,2.9,1.3,0.7,0.3,0.8,1.8,8.3,2,15.900000000000002,0.5220125786163522,0.1823899371069182,0.08176100628930817,0.04402515723270439,0.018867924528301883,0.05031446540880503,0.10062893081761005
6,Jose Alvarado,23,NOP,6,0,19.5,2.7,5.5,0.485,1.0,2.7,0.375,1.7,2.8,0.588,0.576,1.7,2.2,0.769,0.3,1.0,1.3,1.5,1.2,0.2,1.2,3.0,8.0,2,14.399999999999999,0.5555555555555556,0.09027777777777779,0.10416666666666667,0.08333333333333334,0.013888888888888892,0.08333333333333334,0.06944444444444445
7,Kyle Anderson,28,MEM,12,1,18.4,2.4,4.3,0.569,0.3,1.0,0.25,2.2,3.3,0.667,0.598,0.9,1.5,0.611,0.8,3.5,4.3,1.8,0.9,0.6,0.8,1.8,6.0,1,14.700000000000003,0.40816326530612235,0.292517006802721,0.12244897959183672,0.06122448979591836,0.040816326530612235,0.054421768707482984,0.020408163265306117
8,Giannis Antetokounmpo,27,MIL,12,12,37.3,11.7,23.8,0.491,0.8,3.4,0.22,10.9,20.3,0.537,0.507,7.6,11.2,0.679,2.2,12.0,14.2,6.8,0.7,1.3,4.5,3.6,31.7,1,59.99999999999999,0.5283333333333334,0.2366666666666667,0.11333333333333334,0.011666666666666667,0.02166666666666667,0.07500000000000001,0.013333333333333336
9,Thanasis Antetokounmpo,29,MIL,8,0,2.5,0.3,0.4,0.667,0.0,0.0,0.0,0.3,0.4,0.667,0.667,0.1,0.4,0.333,0.1,0.4,0.5,0.1,0.1,0.0,0.0,0.5,0.6,1,1.3000000000000003,0.46153846153846145,0.3846153846153845,0.07692307692307691,0.07692307692307691,0.0,0.0,0.0
10,OG Anunoby,24,TOR,6,6,36.2,6.5,13.7,0.476,2.3,6.8,0.341,4.2,6.8,0.61,0.561,2.0,2.7,0.75,1.2,2.8,4.0,2.5,1.0,0.2,1.7,3.0,17.3,1,29.0,0.596551724137931,0.13793103448275862,0.08620689655172414,0.034482758620689655,0.006896551724137932,0.05862068965517241,0.0793103448275862
11,Deandre Ayton,23,PHO,13,13,30.5,8.1,12.6,0.64,0.2,0.3,0.5,7.9,12.3,0.644,0.646,1.6,2.5,0.636,2.5,6.4,8.9,1.7,0.4,0.8,1.5,2.6,17.9,0,31.399999999999995,0.570063694267516,0.2834394904458599,0.05414012738853504,0.012738853503184716,0.02547770700636943,0.047770700636942685,0.006369426751592358
12,Desmond Bane,23,MEM,12,12,35.7,6.3,13.3,0.478,3.6,7.3,0.489,2.8,5.9,0.465,0.613,2.5,2.9,0.857,0.4,3.3,3.8,2.2,0.9,0.8,1.3,1.9,18.8,1,31.400000000000002,0.5987261146496815,0.12101910828025476,0.07006369426751592,0.028662420382165602,0.025477707006369428,0.041401273885350316,0.11464968152866241
13,Dalano Banton,22,TOR,4,0,2.0,0.5,0.5,1.0,0.0,0.0,0.0,0.5,0.5,1.0,1.0,0.8,1.5,0.5,0.5,0.0,0.5,0.3,0.3,0.0,0.3,0.0,1.8,2,3.1999999999999993,0.5625000000000001,0.15625000000000003,0.09375000000000001,0.09375000000000001,0.0,0.09375000000000001,0.0
14,Scottie Barnes,20,TOR,4,3,33.3,4.5,10.5,0.429,0.5,3.0,0.167,4.0,7.5,0.533,0.452,3.3,4.0,0.813,1.8,7.3,9.0,4.3,1.0,0.3,1.3,3.0,12.8,1,29.200000000000003,0.4383561643835616,0.30821917808219174,0.14726027397260272,0.03424657534246575,0.010273972602739725,0.04452054794520548,0.017123287671232876
15,Will Barton,31,DEN,5,5,34.4,5.4,13.2,0.409,2.2,5.6,0.393,3.2,7.6,0.421,0.492,0.8,1.2,0.667,1.0,4.6,5.6,2.8,0.8,0.2,2.0,2.2,13.8,2,27.4,0.5036496350364964,0.20437956204379562,0.10218978102189781,0.029197080291970805,0.007299270072992701,0.07299270072992702,0.08029197080291972
16,Charles Bassey,21,PHI,3,0,4.0,0.3,0.7,0.5,0.0,0.0,0.0,0.3,0.7,0.5,0.5,0.0,0.3,0.0,0.3,1.3,1.7,0.3,0.0,0.3,0.0,0.3,0.7,1,2.9999999999999996,0.23333333333333336,0.5666666666666668,0.1,0.0,0.1,0.0,0.0
17,Malik Beasley,25,MIN,6,0,19.8,3.2,7.3,0.432,1.3,4.2,0.32,1.8,3.2,0.579,0.523,0.8,1.0,0.833,0.3,3.0,3.3,0.7,0.3,0.2,1.2,1.5,8.5,2,15.5,0.5483870967741935,0.2129032258064516,0.04516129032258064,0.01935483870967742,0.012903225806451613,0.07741935483870968,0.08387096774193549
18,D?vis Bert?ns,29,DAL,18,0,10.7,1.2,3.1,0.4,1.1,2.8,0.373,0.2,0.2,0.75,0.573,0.6,0.7,0.833,0.2,1.2,1.4,0.3,0.4,0.1,0.2,1.4,4.1,1,7.6,0.5394736842105263,0.18421052631578946,0.039473684210526314,0.052631578947368425,0.013157894736842106,0.026315789473684213,0.14473684210526316
19,Patrick Beverley,33,MIN,6,6,32.3,3.5,8.2,0.429,1.5,4.3,0.346,2.0,3.8,0.522,0.52,2.5,3.7,0.682,0.7,2.5,3.2,4.8,1.2,1.2,2.0,4.7,11.0,2,24.9,0.44176706827309237,0.12851405622489961,0.1927710843373494,0.04819277108433735,0.04819277108433735,0.08032128514056225,0.06024096385542169
20,Khem Birch,29,TOR,6,4,10.5,1.3,2.7,0.5,0.3,0.7,0.5,1.0,2.0,0.5,0.563,0.0,0.0,0.0,0.7,0.8,1.5,0.5,0.2,0.2,0.5,2.2,3.0,0,6.2,0.48387096774193544,0.24193548387096772,0.08064516129032258,0.03225806451612903,0.03225806451612903,0.08064516129032258,0.04838709677419355
21,Bismack Biyombo,29,PHO,9,0,9.6,1.2,1.9,0.647,0.0,0.0,0.0,1.2,1.9,0.647,0.647,0.3,0.7,0.5,0.9,1.2,2.1,0.6,0.1,0.2,0.7,1.4,2.8,0,6.5,0.43076923076923074,0.3230769230769231,0.0923076923076923,0.015384615384615385,0.03076923076923077,0.10769230769230768,0.0
22,Nemanja Bjelica,33,GSW,15,0,10.0,1.2,2.3,0.529,0.2,0.5,0.375,1.0,1.7,0.577,0.574,0.3,0.5,0.571,0.4,1.7,2.1,1.1,0.3,0.1,0.5,1.4,2.9,0,7.199999999999999,0.4027777777777778,0.2916666666666667,0.15277777777777782,0.04166666666666667,0.013888888888888892,0.06944444444444445,0.027777777777777783
23,Bogdan Bogdanovi?,29,ATL,4,0,26.8,5.0,12.3,0.408,2.3,6.5,0.346,2.8,5.8,0.478,0.5,2.0,2.5,0.8,1.0,3.8,4.8,3.0,0.3,0.3,1.0,3.0,14.3,2,26.000000000000004,0.5499999999999999,0.18461538461538457,0.11538461538461536,0.011538461538461536,0.011538461538461536,0.03846153846153846,0.08846153846153844
24,Bojan Bogdanovi?,32,UTA,6,6,35.7,6.5,13.5,0.481,1.8,5.5,0.333,4.7,8.0,0.583,0.549,3.2,4.0,0.792,0.5,3.7,4.2,1.7,0.3,0.0,2.0,4.0,18.0,1,28.0,0.6428571428571429,0.15,0.060714285714285714,0.010714285714285714,0.0,0.07142857142857142,0.0642857142857143
25,Isaac Bonga,22,TOR,1,0,3.0,0.0,0.0,0.0,0.0,0.0,0.0,0.0,0.0,0.0,0.0,2.0,2.0,1.0,0.0,1.0,1.0,0.0,0.0,0.0,0.0,1.0,2.0,1,3.0,0.6666666666666666,0.3333333333333333,0.0,0.0,0.0,0.0,0.0
26,Devin Booker,25,PHO,10,10,36.6,7.9,17.5,0.451,2.8,6.5,0.431,5.1,11.0,0.464,0.531,4.7,5.3,0.887,1.0,3.8,4.8,4.4,0.5,0.4,3.2,2.5,23.3,2,39.4,0.5913705583756346,0.1218274111675127,0.11167512690355332,0.012690355329949238,0.010152284263959392,0.08121827411167513,0.07106598984771574
27,Chris Boucher,29,TOR,6,0,21.7,4.3,7.0,0.619,1.0,2.5,0.4,3.3,4.5,0.741,0.69,1.5,1.7,0.9,2.0,3.8,5.8,0.2,0.2,1.2,0.3,2.2,11.2,1,19.9,0.5628140703517588,0.2914572864321608,0.010050251256281409,0.010050251256281409,0.06030150753768845,0.015075376884422112,0.05025125628140704
28,Tony Bradley,24,CHI,2,0,4.0,2.5,2.5,1.0,0.0,0.0,0.0,2.5,2.5,1.0,1.0,0.0,0.0,0.0,0.0,2.0,2.0,0.5,0.0,0.0,0.0,0.0,5.0,0,7.5,0.6666666666666666,0.26666666666666666,0.06666666666666667,0.0,0.0,0.0,0.0
29,Mikal Bridges,25,PHO,13,13,38.5,5.1,10.6,0.478,1.0,2.5,0.394,4.1,8.1,0.505,0.525,2.2,2.3,0.933,0.9,3.8,4.7,2.8,1.1,1.0,0.8,2.4,13.3,1,24.700000000000003,0.5384615384615384,0.1902834008097166,0.11336032388663965,0.044534412955465584,0.040485829959514164,0.032388663967611336,0.040485829959514164
30,Armoni Brooks,23,TOR,4,0,2.0,0.0,1.0,0.0,0.0,1.0,0.0,0.0,0.0,0.0,0.0,0.0,0.0,0.0,0.0,0.5,0.5,0.0,0.0,0.0,0.0,0.0,0.0,2,0.5,0.0,1.0,0.0,0.0,0.0,0.0,0.0
31,Dillon Brooks,26,MEM,11,11,30.5,5.5,15.6,0.349,2.3,6.5,0.347,3.2,9.1,0.35,0.422,1.5,2.3,0.64,0.7,2.0,2.7,2.7,1.0,0.3,2.0,3.3,14.6,1,25.6,0.5703125,0.10546875,0.10546875,0.0390625,0.011718749999999998,0.078125,0.08984374999999999
32,Bruce Brown,25,BRK,4,4,34.8,5.3,9.3,0.568,1.5,3.5,0.429,3.8,5.8,0.652,0.649,2.0,2.5,0.8,1.5,3.3,4.8,2.8,1.3,0.8,2.3,4.0,14.0,1,27.500000000000004,0.509090909090909,0.1745454545454545,0.1018181818181818,0.047272727272727265,0.029090909090909087,0.08363636363636362,0.054545454545454536
33,Jaylen Brown,25,BOS,24,24,38.3,8.2,17.5,0.47,2.5,6.7,0.373,5.7,10.8,0.531,0.542,4.2,5.5,0.763,1.4,5.5,6.9,3.5,1.1,0.4,3.1,3.0,23.1,1,40.6,0.5689655172413793,0.16995073891625617,0.08620689655172413,0.027093596059113302,0.009852216748768473,0.07635467980295567,0.06157635467980296
34,Sterling Brown,26,DAL,9,0,2.9,0.3,1.1,0.3,0.0,0.4,0.0,0.3,0.7,0.5,0.3,0.6,0.8,0.714,0.1,0.8,0.9,0.3,0.4,0.2,0.3,0.0,1.2,2,3.3,0.36363636363636365,0.27272727272727276,0.09090909090909091,0.12121212121212123,0.060606060606060615,0.09090909090909091,0.0
35,Troy Brown Jr.,22,CHI,3,0,12.3,1.7,5.7,0.294,0.7,3.7,0.182,1.0,2.0,0.5,0.353,0.0,0.0,0.0,0.3,2.3,2.7,1.0,0.7,0.0,1.0,0.7,4.0,1,10.1,0.39603960396039606,0.26732673267326734,0.09900990099009901,0.0693069306930693,0.0,0.09900990099009901,0.0693069306930693
36,Jalen Brunson,25,DAL,18,18,34.9,8.1,17.3,0.466,1.4,4.2,0.347,6.6,13.1,0.504,0.508,4.0,5.0,0.8,0.8,3.8,4.6,3.7,0.8,0.1,1.1,2.1,21.6,2,33.300000000000004,0.6486486486486486,0.1381381381381381,0.1111111111111111,0.024024024024024024,0.003003003003003003,0.03303303303303303,0.04204204204204203
37,Reggie Bullock,30,DAL,18,18,39.3,3.4,8.4,0.404,2.9,7.3,0.397,0.5,1.1,0.45,0.576,0.9,1.0,0.889,0.4,4.1,4.6,1.7,1.2,0.1,0.4,2.7,10.6,1,21.499999999999996,0.49302325581395356,0.21395348837209305,0.07906976744186048,0.0558139534883721,0.004651162790697675,0.0186046511627907,0.13488372093023257
38,Trey Burke,29,DAL,10,0,3.7,1.1,2.2,0.5,0.4,1.0,0.4,0.7,1.2,0.583,0.591,0.6,0.6,1.0,0.0,0.3,0.3,0.4,0.1,0.0,0.1,0.3,3.2,2,4.5,0.7111111111111111,0.06666666666666667,0.08888888888888889,0.022222222222222223,0.0,0.022222222222222223,0.08888888888888889
39,Jared Butler,21,UTA,1,0,5.0,0.0,2.0,0.0,0.0,0.0,0.0,0.0,2.0,0.0,0.0,0.0,0.0,0.0,0.0,1.0,1.0,0.0,0.0,0.0,0.0,0.0,0.0,2,1.0,0.0,1.0,0.0,0.0,0.0,0.0,0.0
40,Jimmy Butler,32,MIA,17,17,37.0,9.8,19.3,0.506,1.4,4.0,0.338,8.4,15.3,0.55,0.541,6.5,7.8,0.841,2.4,4.9,7.4,4.6,2.1,0.6,1.5,1.5,27.4,1,45.0,0.6088888888888888,0.16444444444444445,0.10222222222222221,0.04666666666666667,0.013333333333333332,0.03333333333333333,0.03111111111111111
41,Facundo Campazzo,30,DEN,4,0,3.3,0.0,0.5,0.0,0.0,0.5,0.0,0.0,0.0,0.0,0.0,0.0,0.0,0.0,0.0,0.8,0.8,0.5,0.0,0.0,0.5,0.8,0.0,2,1.8,0.0,0.4444444444444445,0.2777777777777778,0.0,0.0,0.2777777777777778,0.0
42,Vlatko ?an?ar,24,DEN,2,0,4.5,1.0,1.5,0.667,0.5,1.0,0.5,0.5,0.5,1.0,0.833,0.0,0.0,0.0,0.0,1.0,1.0,0.5,0.0,0.0,1.0,0.0,2.5,1,5.5,0.45454545454545453,0.18181818181818182,0.09090909090909091,0.0,0.0,0.18181818181818182,0.09090909090909091
43,Clint Capela,27,ATL,2,2,20.0,1.0,3.0,0.333,0.0,0.0,0.0,1.0,3.0,0.333,0.333,0.0,0.0,0.0,2.0,5.5,7.5,0.0,0.5,0.5,0.5,1.0,2.0,0,11.0,0.18181818181818182,0.6818181818181818,0.0,0.045454545454545456,0.045454545454545456,0.045454545454545456,0.0
44,Jevon Carter,26,MIL,11,0,11.5,0.8,1.7,0.474,0.3,0.6,0.429,0.5,1.1,0.5,0.553,0.2,0.2,1.0,0.3,1.2,1.5,0.9,0.7,0.0,0.5,1.1,2.1,2,6.0,0.35000000000000003,0.25,0.15,0.11666666666666665,0.0,0.08333333333333333,0.049999999999999996
45,Alex Caruso,27,CHI,4,4,28.3,2.3,5.8,0.391,1.8,4.5,0.389,0.5,1.3,0.4,0.543,0.0,0.0,0.0,0.5,2.3,2.8,4.3,1.3,1.0,0.3,2.8,6.3,2,17.8,0.3539325842696629,0.15730337078651685,0.24157303370786515,0.07303370786516854,0.056179775280898875,0.016853932584269662,0.10112359550561797
46,Marquese Chriss,24,DAL,8,0,3.8,0.5,1.0,0.5,0.1,0.3,0.5,0.4,0.8,0.5,0.563,0.6,0.8,0.833,0.5,0.6,1.1,0.0,0.0,0.0,0.1,0.4,1.8,1,3.1000000000000005,0.5806451612903225,0.3548387096774193,0.0,0.0,0.0,0.03225806451612903,0.03225806451612903
47,Brandon Clarke,25,MEM,12,0,24.7,4.7,7.6,0.615,0.0,0.1,0.0,4.7,7.5,0.622,0.615,3.0,4.5,0.667,3.1,3.8,6.9,2.0,0.8,0.8,1.0,1.9,12.3,1,23.800000000000004,0.5168067226890756,0.2899159663865546,0.08403361344537813,0.03361344537815126,0.03361344537815126,0.042016806722689065,0.0
48,Jordan Clarkson,29,UTA,6,0,28.3,6.7,12.2,0.548,1.5,4.0,0.375,5.2,8.2,0.633,0.61,2.7,3.0,0.889,0.8,2.3,3.2,1.3,0.5,0.2,1.7,2.8,17.5,2,25.9,0.6756756756756757,0.12355212355212357,0.0501930501930502,0.019305019305019305,0.007722007722007723,0.06563706563706564,0.05791505791505792
49,Nic Claxton,22,BRK,4,0,24.5,4.8,6.0,0.792,0.0,0.0,0.0,4.8,6.0,0.792,0.792,1.0,5.5,0.182,1.8,4.5,6.3,1.5,1.3,2.3,0.5,1.5,10.5,0,22.400000000000002,0.46874999999999994,0.28124999999999994,0.06696428571428571,0.05803571428571428,0.10267857142857141,0.02232142857142857,0.0
50,John Collins,24,ATL,5,4,24.4,3.8,7.8,0.487,0.8,2.2,0.364,3.0,5.6,0.536,0.538,1.0,2.0,0.5,0.4,4.2,4.6,1.2,0.4,0.2,1.0,2.4,9.4,1,17.599999999999998,0.5340909090909092,0.26136363636363635,0.06818181818181819,0.02272727272727273,0.011363636363636366,0.05681818181818182,0.04545454545454546
51,Mike Conley,34,UTA,6,6,29.0,3.2,9.5,0.333,0.8,4.2,0.2,2.3,5.3,0.438,0.377,2.0,2.5,0.8,0.3,2.8,3.2,4.8,0.8,0.3,2.2,3.2,9.2,2,21.3,0.43192488262910794,0.15023474178403756,0.22535211267605632,0.03755868544600939,0.01408450704225352,0.10328638497652583,0.03755868544600939
52,Pat Connaughton,29,MIL,12,0,26.5,3.5,7.3,0.477,2.1,5.3,0.391,1.4,2.0,0.708,0.619,0.4,0.4,1.0,0.3,4.0,4.3,0.9,0.4,0.3,0.6,1.2,9.5,2,18.100000000000005,0.5248618784530386,0.23756906077348058,0.04972375690607734,0.02209944751381215,0.016574585635359112,0.033149171270718224,0.11602209944751378
53,DeMarcus Cousins,31,DEN,5,0,11.4,3.8,5.8,0.655,0.8,1.2,0.667,3.0,4.6,0.652,0.724,2.2,3.0,0.733,0.6,2.8,3.4,1.2,0.6,0.2,1.4,1.8,10.6,0,18.2,0.5824175824175825,0.18681318681318682,0.06593406593406594,0.03296703296703297,0.01098901098901099,0.07692307692307693,0.04395604395604396
54,Torrey Craig,31,PHO,9,0,7.7,0.9,2.4,0.364,0.3,1.1,0.3,0.6,1.3,0.417,0.432,0.1,0.2,0.5,0.6,1.1,1.7,0.6,0.4,0.2,0.4,0.7,2.2,1,5.800000000000001,0.3793103448275862,0.29310344827586204,0.10344827586206895,0.06896551724137931,0.034482758620689655,0.06896551724137931,0.051724137931034475
55,Jae Crowder,31,PHO,13,13,29.5,3.2,8.1,0.4,1.5,4.8,0.302,1.8,3.2,0.548,0.49,1.5,2.0,0.731,0.6,4.1,4.7,2.4,1.0,0.5,1.5,3.6,9.4,1,21.0,0.44761904761904764,0.22380952380952382,0.11428571428571428,0.047619047619047616,0.023809523809523808,0.07142857142857142,0.07142857142857142
56,Jarrett Culver,22,MEM,3,0,7.3,1.0,3.3,0.3,0.0,0.7,0.0,1.0,2.7,0.375,0.3,0.3,0.7,0.5,0.7,1.7,2.3,0.3,0.7,0.0,0.7,1.3,2.3,2,6.3,0.36507936507936506,0.36507936507936506,0.047619047619047616,0.1111111111111111,0.0,0.1111111111111111,0.0
57,Seth Curry,31,BRK,4,4,33.0,5.5,9.8,0.564,3.0,5.8,0.522,2.5,4.0,0.625,0.718,0.5,0.8,0.667,0.5,2.0,2.5,3.0,0.3,0.8,0.8,3.8,14.5,2,24.900000000000002,0.5823293172690762,0.1004016064257028,0.12048192771084336,0.012048192771084336,0.0321285140562249,0.0321285140562249,0.12048192771084336
58,Stephen Curry,33,GSW,22,18,34.7,9.2,20.0,0.459,4.1,10.4,0.397,5.0,9.6,0.526,0.563,4.9,5.9,0.829,0.5,4.7,5.2,5.9,1.3,0.4,2.6,2.7,27.4,2,46.9,0.5842217484008528,0.11087420042643924,0.1257995735607676,0.02771855010660981,0.008528784648187635,0.05543710021321962,0.08742004264392324
59,Dewayne Dedmon,32,MIA,14,0,9.9,1.5,3.2,0.467,0.1,0.7,0.1,1.4,2.5,0.571,0.478,0.7,0.9,0.833,1.1,1.9,3.0,0.4,0.1,0.2,0.5,2.6,3.8,0,8.1,0.4691358024691358,0.3703703703703704,0.04938271604938272,0.01234567901234568,0.02469135802469136,0.0617283950617284,0.01234567901234568
60,DeMar DeRozan,32,CHI,5,5,40.6,7.8,19.0,0.411,0.0,1.8,0.0,7.8,17.2,0.453,0.411,5.2,6.0,0.867,0.2,5.2,5.4,4.8,1.8,0.4,2.2,2.4,20.8,1,35.400000000000006,0.5875706214689265,0.15254237288135591,0.13559322033898302,0.05084745762711864,0.011299435028248586,0.06214689265536723,0.0
61,Gorgui Dieng,32,ATL,2,0,5.0,0.5,1.0,0.5,0.0,0.5,0.0,0.5,0.5,1.0,0.5,0.5,0.5,1.0,0.5,1.0,1.5,0.0,0.0,0.0,0.0,0.0,1.5,0,3.0,0.5,0.5,0.0,0.0,0.0,0.0,0.0
62,Spencer Dinwiddie,28,DAL,18,3,27.8,4.4,10.7,0.417,2.2,5.3,0.417,2.2,5.3,0.417,0.521,3.1,3.7,0.821,0.4,2.0,2.4,3.6,0.8,0.3,1.6,2.3,14.2,2,25.1,0.5657370517928286,0.09561752988047807,0.14342629482071712,0.03187250996015936,0.011952191235059759,0.06374501992031872,0.08764940239043825
63,Luka Don?i?,22,DAL,15,15,36.8,10.7,23.5,0.455,3.4,9.9,0.345,7.3,13.6,0.534,0.527,6.9,9.0,0.77,0.7,9.1,9.8,6.4,1.8,0.6,3.9,2.9,31.7,2,57.599999999999994,0.5503472222222222,0.17013888888888892,0.11111111111111113,0.03125000000000001,0.010416666666666668,0.06770833333333334,0.05902777777777778
64,Ayo Dosunmu,22,CHI,5,1,17.2,1.6,5.2,0.308,0.6,2.6,0.231,1.0,2.6,0.385,0.365,0.2,0.2,1.0,0.8,1.8,2.6,2.2,0.2,0.0,0.6,1.0,4.0,2,10.2,0.3921568627450981,0.25490196078431376,0.21568627450980396,0.019607843137254905,0.0,0.058823529411764705,0.058823529411764705
65,Goran Dragi?,35,BRK,4,0,19.8,4.5,8.0,0.563,1.0,3.0,0.333,3.5,5.0,0.7,0.625,0.5,0.5,1.0,1.5,3.0,4.5,1.5,0.8,0.0,1.3,2.8,10.5,2,19.6,0.5357142857142857,0.22959183673469385,0.07653061224489795,0.04081632653061224,0.0,0.0663265306122449,0.0510204081632653
66,Andre Drummond,28,BRK,4,4,15.0,1.5,2.8,0.545,0.0,0.0,0.0,1.5,2.8,0.545,0.545,0.8,1.3,0.6,0.8,2.3,3.0,0.8,1.3,0.8,1.5,3.0,3.8,0,11.200000000000001,0.33928571428571425,0.26785714285714285,0.07142857142857142,0.11607142857142856,0.07142857142857142,0.13392857142857142,0.0
67,Kevin Durant,33,BRK,4,4,44.0,8.0,20.8,0.386,1.8,5.3,0.333,6.3,15.5,0.403,0.428,8.5,9.5,0.895,0.5,5.3,5.8,6.3,1.0,0.3,5.3,3.8,26.3,1,46.79999999999999,0.5619658119658121,0.12393162393162395,0.13461538461538464,0.02136752136752137,0.006410256410256412,0.11324786324786326,0.03846153846153847
68,Anthony Edwards,20,MIN,6,6,37.8,8.3,18.3,0.455,3.8,9.5,0.404,4.5,8.8,0.509,0.559,4.7,5.7,0.824,0.7,3.5,4.2,3.0,1.2,1.2,2.5,3.7,25.2,2,41.1,0.6131386861313868,0.10218978102189781,0.072992700729927,0.029197080291970802,0.029197080291970802,0.0608272506082725,0.09245742092457421
69,Kessler Edwards,21,BRK,2,0,3.5,0.0,0.0,0.0,0.0,0.0,0.0,0.0,0.0,0.0,0.0,0.0,0.0,0.0,0.0,0.0,0.0,0.5,0.5,0.0,0.5,1.5,0.0,1,1.5,0.0,0.0,0.3333333333333333,0.3333333333333333,0.0,0.3333333333333333,0.0
70,Joel Embiid,27,PHI,10,10,38.5,7.8,16.1,0.484,0.7,3.3,0.212,7.1,12.8,0.555,0.506,7.3,8.9,0.82,2.1,8.6,10.7,2.1,0.4,0.8,3.2,3.4,23.6,0,41.5,0.5686746987951807,0.2578313253012048,0.05060240963855422,0.00963855421686747,0.01927710843373494,0.07710843373493977,0.016867469879518072
71,Dorian Finney-Smith,28,DAL,18,18,38.2,4.1,8.7,0.471,2.6,6.0,0.426,1.6,2.7,0.571,0.618,0.9,1.3,0.708,1.8,3.7,5.5,1.9,0.9,0.4,1.0,2.9,11.7,1,23.999999999999996,0.48750000000000004,0.2291666666666667,0.07916666666666668,0.037500000000000006,0.01666666666666667,0.04166666666666667,0.10833333333333335
72,Malik Fitts,24,BOS,9,0,1.8,0.3,0.4,0.75,0.2,0.2,1.0,0.1,0.2,0.5,1.0,0.0,0.0,0.0,0.0,0.2,0.2,0.0,0.0,0.0,0.0,0.0,0.9,1,1.3,0.6923076923076923,0.15384615384615385,0.0,0.0,0.0,0.0,0.15384615384615385
73,Malachi Flynn,23,TOR,6,0,6.0,0.0,1.2,0.0,0.0,0.5,0.0,0.0,0.7,0.0,0.0,0.0,0.0,0.0,0.3,0.2,0.5,0.5,0.2,0.0,0.2,1.0,0.0,2,1.4,0.0,0.35714285714285715,0.35714285714285715,0.14285714285714288,0.0,0.14285714285714288,0.0
74,Bryn Forbes,28,DEN,5,0,15.2,1.2,3.0,0.4,0.8,2.2,0.364,0.4,0.8,0.5,0.533,0.8,1.0,0.8,0.2,0.4,0.6,1.4,0.2,0.0,0.4,1.4,4.0,2,7.4,0.5405405405405405,0.08108108108108107,0.18918918918918917,0.02702702702702703,0.0,0.05405405405405406,0.10810810810810811
75,Danilo Gallinari,33,ATL,5,3,22.4,3.6,9.0,0.4,0.8,3.0,0.267,2.8,6.0,0.467,0.444,2.2,2.2,1.0,0.4,3.8,4.2,0.8,0.2,0.0,1.0,1.2,10.2,1,17.2,0.5930232558139534,0.24418604651162792,0.04651162790697675,0.011627906976744188,0.0,0.05813953488372093,0.04651162790697675
76,Rudy Gobert,29,UTA,6,6,32.8,3.5,5.5,0.636,0.0,0.0,0.0,3.5,5.5,0.636,0.636,5.0,7.3,0.682,3.5,9.7,13.2,0.5,0.2,1.0,1.3,3.2,12.0,0,28.2,0.425531914893617,0.46808510638297873,0.01773049645390071,0.007092198581560284,0.03546099290780142,0.04609929078014185,0.0
77,Aaron Gordon,26,DEN,5,5,32.0,4.6,10.8,0.426,0.6,3.0,0.2,4.0,7.8,0.513,0.454,4.0,5.6,0.714,3.6,3.6,7.2,2.6,0.4,1.2,1.6,2.8,13.8,1,27.400000000000002,0.5036496350364963,0.26277372262773724,0.0948905109489051,0.014598540145985401,0.0437956204379562,0.058394160583941604,0.0218978102189781
78,Devonte' Graham,26,NOP,6,0,10.0,1.0,3.0,0.333,0.8,2.3,0.357,0.2,0.7,0.25,0.472,1.2,1.3,0.875,0.3,1.2,1.5,0.7,0.2,0.2,0.7,0.5,4.0,2,8.100000000000001,0.4938271604938271,0.18518518518518515,0.08641975308641973,0.024691358024691357,0.024691358024691357,0.08641975308641973,0.09876543209876543
79,Danny Green,34,PHI,12,12,26.6,3.0,7.4,0.404,2.6,6.3,0.408,0.4,1.1,0.385,0.579,0.0,0.1,0.0,0.8,2.3,3.1,0.8,1.0,0.3,1.1,1.9,8.6,1,17.5,0.4914285714285714,0.17714285714285716,0.045714285714285714,0.05714285714285714,0.017142857142857144,0.06285714285714286,0.14857142857142858
80,Draymond Green,31,GSW,22,22,32.0,3.1,6.5,0.479,0.4,1.8,0.205,2.8,4.8,0.581,0.507,1.4,2.1,0.638,1.2,6.0,7.2,6.3,1.1,1.0,2.7,4.0,8.0,1,26.7,0.299625468164794,0.2696629213483146,0.23595505617977527,0.04119850187265918,0.03745318352059925,0.10112359550561799,0.014981273408239702
81,JaMychal Green,31,DEN,5,0,13.8,1.2,3.2,0.375,0.2,1.0,0.2,1.0,2.2,0.455,0.406,1.4,1.4,1.0,0.6,1.8,2.4,0.4,0.0,0.2,0.4,2.4,4.0,1,7.600000000000001,0.5263157894736841,0.31578947368421045,0.05263157894736841,0.0,0.026315789473684206,0.05263157894736841,0.026315789473684206
82,Javonte Green,28,CHI,5,1,14.4,0.6,3.4,0.176,0.0,1.2,0.0,0.6,2.2,0.273,0.176,0.2,0.4,0.5,1.6,1.4,3.0,0.4,1.8,0.0,0.8,1.6,1.4,1,7.4,0.18918918918918917,0.4054054054054054,0.05405405405405406,0.24324324324324323,0.0,0.10810810810810811,0.0
83,Jeff Green,35,DEN,5,5,22.6,1.2,3.4,0.353,0.6,1.6,0.375,0.6,1.8,0.333,0.441,0.8,1.0,0.8,1.4,2.2,3.6,0.4,0.6,0.4,0.4,1.2,3.8,0,9.8,0.38775510204081626,0.36734693877551017,0.04081632653061224,0.06122448979591836,0.04081632653061224,0.04081632653061224,0.06122448979591836
84,Josh Green,21,DAL,16,0,7.6,0.5,1.8,0.286,0.3,1.4,0.227,0.2,0.4,0.5,0.375,0.1,0.5,0.25,0.1,0.7,0.8,0.4,0.3,0.0,0.0,1.0,1.4,2,3.1999999999999997,0.4375,0.25000000000000006,0.12500000000000003,0.09375,0.0,0.0,0.09375
85,Blake Griffin,32,BRK,2,0,12.5,1.0,3.5,0.286,1.0,2.5,0.4,0.0,1.0,0.0,0.429,1.0,1.0,1.0,1.0,1.0,2.0,2.0,0.5,0.5,0.5,1.5,4.0,1,10.5,0.38095238095238093,0.19047619047619047,0.19047619047619047,0.047619047619047616,0.047619047619047616,0.047619047619047616,0.09523809523809523
86,James Harden,32,PHI,12,12,39.9,5.3,13.2,0.405,2.3,6.3,0.368,3.0,6.8,0.439,0.494,5.6,6.3,0.893,0.9,4.8,5.7,8.6,0.8,0.7,4.2,2.4,18.6,2,40.9,0.45476772616136923,0.1393643031784841,0.21026894865525672,0.019559902200489,0.017114914425427872,0.10268948655256724,0.05623471882640586
87,Tobias Harris,29,PHI,12,12,38.8,6.8,13.5,0.5,1.8,4.8,0.386,4.9,8.8,0.562,0.568,1.6,1.8,0.864,0.8,6.8,7.6,2.9,1.1,0.8,1.5,2.9,16.9,1,32.6,0.51840490797546,0.2331288343558282,0.08895705521472393,0.03374233128834356,0.024539877300613498,0.046012269938650305,0.05521472392638037
88,Sam Hauser,24,BOS,7,0,2.1,0.1,0.6,0.25,0.1,0.4,0.333,0.0,0.1,0.0,0.375,0.3,0.3,1.0,0.0,0.1,0.1,0.3,0.0,0.0,0.0,0.0,0.7,1,1.2,0.5833333333333334,0.08333333333333334,0.25,0.0,0.0,0.0,0.08333333333333334
89,Jaxson Hayes,21,NOP,6,6,13.8,2.3,4.2,0.56,0.0,0.5,0.0,2.3,3.7,0.636,0.56,1.2,1.8,0.636,0.7,1.8,2.5,0.2,0.0,0.3,0.7,1.8,5.8,0,9.5,0.6105263157894737,0.2631578947368421,0.021052631578947368,0.0,0.031578947368421054,0.07368421052631578,0.0
90,Juancho Hernangómez,26,UTA,6,0,9.3,0.8,3.0,0.278,0.7,2.0,0.333,0.2,1.0,0.167,0.389,0.0,0.0,0.0,0.3,1.7,2.0,0.8,0.3,0.0,0.3,0.7,2.3,1,6.3999999999999995,0.359375,0.3125,0.12500000000000003,0.046875,0.0,0.046875,0.109375
91,Willy Hernangómez,27,NOP,1,0,2.0,1.0,4.0,0.25,0.0,1.0,0.0,1.0,3.0,0.333,0.25,0.0,0.0,0.0,2.0,0.0,2.0,0.0,0.0,0.0,0.0,1.0,2.0,0,4.0,0.5,0.5,0.0,0.0,0.0,0.0,0.0
92,Tyler Herro,22,MIA,15,0,25.4,4.9,12.1,0.409,1.1,4.7,0.229,3.9,7.4,0.523,0.453,1.7,1.8,0.926,0.5,3.4,3.9,2.8,0.6,0.4,1.8,1.4,12.6,2,23.200000000000003,0.543103448275862,0.16810344827586204,0.12068965517241377,0.025862068965517238,0.017241379310344827,0.07758620689655171,0.04741379310344827
93,Haywood Highsmith,25,MIA,8,0,3.9,0.4,0.9,0.429,0.4,0.6,0.6,0.0,0.3,0.0,0.643,0.0,0.0,0.0,0.3,0.4,0.6,0.4,0.0,0.0,0.4,0.3,1.1,1,2.9,0.37931034482758624,0.20689655172413793,0.13793103448275862,0.0,0.0,0.13793103448275862,0.13793103448275862
94,George Hill,35,MIL,5,0,15.2,0.2,1.0,0.2,0.2,0.4,0.5,0.0,0.6,0.0,0.3,0.4,0.4,1.0,0.2,1.0,1.2,0.6,0.0,0.0,0.2,2.0,1.0,2,3.2000000000000006,0.31249999999999994,0.3749999999999999,0.18749999999999994,0.0,0.0,0.06249999999999999,0.06249999999999999
95,Aaron Holiday,25,PHO,6,0,3.3,1.3,2.3,0.571,0.8,1.2,0.714,0.5,1.2,0.429,0.75,0.0,0.2,0.0,0.5,0.0,0.5,1.5,0.5,0.2,0.0,0.2,3.5,2,7.0,0.5,0.07142857142857142,0.21428571428571427,0.07142857142857142,0.028571428571428574,0.0,0.1142857142857143
96,Jrue Holiday,31,MIL,12,12,38.6,7.4,19.6,0.379,2.1,6.6,0.316,5.3,13.0,0.41,0.432,2.2,2.6,0.839,1.0,4.6,5.6,6.5,1.8,0.6,2.8,2.3,19.1,2,38.5,0.49610389610389616,0.14545454545454545,0.16883116883116883,0.046753246753246755,0.015584415584415584,0.07272727272727272,0.05454545454545455
97,Al Horford,35,BOS,23,23,35.4,4.4,8.4,0.523,2.0,4.3,0.48,2.3,4.1,0.568,0.645,1.2,1.6,0.778,1.5,7.8,9.3,3.3,0.8,1.3,1.3,2.8,12.0,0,30.000000000000004,0.39999999999999997,0.31,0.10999999999999999,0.026666666666666665,0.04333333333333333,0.04333333333333333,0.06666666666666665
98,Danuel House Jr.,28,UTA,6,0,18.7,1.5,3.7,0.409,0.3,1.7,0.2,1.2,2.0,0.583,0.455,1.0,1.3,0.75,0.3,2.5,2.8,0.7,0.0,0.2,1.0,1.2,4.3,1,9.3,0.4623655913978494,0.30107526881720426,0.07526881720430106,0.0,0.02150537634408602,0.1075268817204301,0.03225806451612903
99,Kevin Huerter,23,ATL,5,5,30.8,3.4,9.4,0.362,1.8,6.2,0.29,1.6,3.2,0.5,0.457,0.6,0.8,0.75,0.2,2.8,3.0,3.8,1.2,0.6,2.2,3.0,9.2,2,21.8,0.4220183486238532,0.13761467889908258,0.17431192660550457,0.055045871559633024,0.027522935779816512,0.10091743119266056,0.08256880733944955
100,De'Andre Hunter,24,ATL,5,5,35.0,7.8,14.0,0.557,2.4,5.2,0.462,5.4,8.8,0.614,0.643,3.2,4.0,0.8,0.4,3.4,3.8,0.6,0.8,0.2,2.2,4.0,21.2,1,31.2,0.6794871794871795,0.12179487179487179,0.019230769230769232,0.025641025641025644,0.006410256410256411,0.07051282051282053,0.07692307692307693
101,Bones Hyland,21,DEN,5,0,17.4,2.6,7.2,0.361,1.6,4.6,0.348,1.0,2.6,0.385,0.472,2.4,2.8,0.857,0.2,1.8,2.0,3.2,0.2,0.0,1.2,2.4,9.2,2,17.4,0.5287356321839081,0.1149425287356322,0.18390804597701152,0.01149425287356322,0.0,0.06896551724137931,0.09195402298850576
102,Serge Ibaka,32,MIL,6,0,3.7,0.7,2.7,0.25,0.0,0.5,0.0,0.7,2.2,0.308,0.25,0.2,0.3,0.5,0.3,1.3,1.7,0.0,0.0,0.0,0.3,0.2,1.5,1,3.5,0.42857142857142855,0.4857142857142857,0.0,0.0,0.0,0.08571428571428572,0.0
103,Andre Iguodala,38,GSW,7,0,8.7,0.6,1.3,0.444,0.1,0.4,0.333,0.4,0.9,0.5,0.5,0.3,0.4,0.667,0.4,0.6,1.0,1.7,0.0,0.3,0.6,1.6,1.6,1,5.299999999999999,0.3018867924528303,0.1886792452830189,0.3207547169811321,0.0,0.05660377358490567,0.11320754716981134,0.018867924528301893
104,Brandon Ingram,24,NOP,6,6,39.3,9.3,19.7,0.475,1.8,4.5,0.407,7.5,15.2,0.495,0.521,6.5,7.8,0.83,0.7,5.5,6.2,6.2,0.7,0.3,3.8,1.8,27.0,1,46.0,0.5869565217391305,0.13478260869565217,0.13478260869565217,0.015217391304347825,0.006521739130434782,0.08260869565217391,0.0391304347826087
105,Kyrie Irving,29,BRK,4,4,42.5,7.0,15.8,0.444,2.0,5.3,0.381,5.0,10.5,0.476,0.508,5.3,5.3,1.0,1.5,3.8,5.3,5.3,1.8,1.3,2.3,3.3,21.3,2,39.3,0.5419847328244275,0.13486005089058525,0.13486005089058525,0.04580152671755726,0.033078880407124686,0.058524173027989825,0.050890585241730284
106,Jaren Jackson Jr.,22,MEM,12,12,27.7,4.9,13.0,0.378,2.3,6.0,0.375,2.7,7.0,0.381,0.465,3.3,4.4,0.755,2.2,4.6,6.8,0.9,0.8,2.5,1.4,4.4,15.4,1,30.099999999999998,0.5116279069767442,0.22591362126245848,0.029900332225913623,0.026578073089701,0.08305647840531562,0.046511627906976744,0.07641196013289037
107,Isaiah Joe,22,PHI,7,0,2.1,0.3,0.7,0.4,0.1,0.4,0.333,0.1,0.3,0.5,0.5,0.0,0.0,0.0,0.0,0.3,0.3,0.0,0.0,0.0,0.4,0.1,0.7,2,1.5,0.4666666666666666,0.19999999999999998,0.0,0.0,0.0,0.26666666666666666,0.06666666666666667
108,Cameron Johnson,25,PHO,13,3,24.6,3.5,7.6,0.465,1.7,4.5,0.373,1.8,3.1,0.6,0.576,2.0,2.5,0.813,0.7,2.8,3.5,1.5,0.4,0.1,0.9,2.4,10.8,1,18.9,0.5714285714285715,0.1851851851851852,0.07936507936507937,0.021164021164021166,0.005291005291005292,0.04761904761904762,0.08994708994708996
109,Jalen Johnson,20,ATL,2,0,4.5,0.0,1.5,0.0,0.0,0.5,0.0,0.0,1.0,0.0,0.0,0.0,0.0,0.0,0.0,0.0,0.0,0.0,0.0,0.0,0.5,0.0,0.0,1,0.5,0.0,0.0,0.0,0.0,0.0,1.0,0.0
110,Nikola Joki?,26,DEN,5,5,34.2,12.2,21.2,0.575,1.0,3.6,0.278,11.2,17.6,0.636,0.599,5.6,6.6,0.848,3.4,9.8,13.2,5.8,1.6,1.0,4.8,4.0,31.0,0,58.4,0.5308219178082192,0.22602739726027396,0.09931506849315068,0.027397260273972605,0.017123287671232876,0.0821917808219178,0.017123287671232876
111,Derrick Jones Jr.,24,CHI,5,0,11.8,1.4,3.4,0.412,0.6,2.2,0.273,0.8,1.2,0.667,0.5,0.4,0.6,0.667,0.6,0.8,1.4,0.4,0.2,0.0,0.6,1.6,3.8,1,6.999999999999999,0.5428571428571429,0.2,0.057142857142857155,0.028571428571428577,0.0,0.08571428571428572,0.08571428571428572
112,Herbert Jones,23,NOP,6,6,37.7,3.5,7.3,0.477,0.8,2.0,0.417,2.7,5.3,0.5,0.534,2.8,3.7,0.773,1.3,2.0,3.3,1.8,1.8,0.8,1.3,3.7,10.7,1,20.500000000000004,0.521951219512195,0.16097560975609754,0.08780487804878047,0.08780487804878047,0.03902439024390243,0.06341463414634145,0.03902439024390243
113,Tyus Jones,25,MEM,12,3,21.8,3.3,8.3,0.394,1.5,3.8,0.4,1.8,4.5,0.389,0.485,1.2,1.3,0.933,0.3,2.9,3.3,4.5,1.2,0.2,1.1,0.7,9.2,2,21.0,0.43809523809523804,0.15714285714285714,0.21428571428571427,0.05714285714285714,0.009523809523809525,0.05238095238095238,0.07142857142857142
114,DeAndre Jordan,33,PHI,3,2,10.3,1.7,1.7,1.0,0.0,0.0,0.0,1.7,1.7,1.0,1.0,0.0,0.0,0.0,0.3,2.0,2.3,0.3,0.0,0.7,0.7,1.3,3.3,0,7.3,0.4520547945205479,0.3150684931506849,0.0410958904109589,0.0,0.0958904109589041,0.0958904109589041,0.0
115,Maxi Kleber,30,DAL,18,0,25.4,3.0,5.9,0.509,1.9,4.3,0.436,1.1,1.6,0.714,0.67,0.8,1.2,0.714,0.8,3.7,4.6,1.1,0.2,0.8,0.6,2.7,8.7,1,17.9,0.4860335195530726,0.2569832402234637,0.06145251396648046,0.011173184357541902,0.044692737430167606,0.0335195530726257,0.10614525139664804
116,Kevin Knox,22,ATL,2,0,4.5,3.5,5.5,0.636,3.0,5.0,0.6,0.5,0.5,1.0,0.909,1.0,1.0,1.0,0.0,1.0,1.0,0.0,1.0,0.0,1.5,0.0,11.0,1,17.5,0.6285714285714286,0.05714285714285714,0.0,0.05714285714285714,0.0,0.08571428571428572,0.17142857142857143
117,John Konchar,25,MEM,8,0,7.0,0.4,1.4,0.273,0.1,0.8,0.167,0.3,0.6,0.4,0.318,0.3,0.3,1.0,0.4,2.0,2.4,0.6,0.4,0.1,0.1,0.9,1.1,2,4.799999999999999,0.22916666666666674,0.5000000000000001,0.12500000000000003,0.08333333333333336,0.02083333333333334,0.02083333333333334,0.02083333333333334
118,Furkan Korkmaz,24,PHI,9,0,6.8,1.2,2.6,0.478,0.4,1.1,0.4,0.8,1.4,0.538,0.565,0.2,0.2,1.0,0.1,1.2,1.3,0.4,0.1,0.1,0.2,0.8,3.1,2,5.6000000000000005,0.5535714285714285,0.23214285714285712,0.07142857142857142,0.017857142857142856,0.017857142857142856,0.03571428571428571,0.07142857142857142
119,Luke Kornet,26,BOS,9,0,2.1,0.3,0.4,0.75,0.1,0.1,1.0,0.2,0.3,0.667,0.875,0.0,0.0,0.0,0.1,0.4,0.6,0.1,0.0,0.0,0.1,0.1,0.8,0,1.7000000000000002,0.47058823529411764,0.3529411764705882,0.058823529411764705,0.0,0.0,0.058823529411764705,0.058823529411764705
120,Jonathan Kuminga,19,GSW,16,3,8.6,1.9,3.8,0.5,0.2,0.8,0.231,1.7,2.9,0.574,0.525,1.3,1.6,0.769,0.3,1.4,1.7,0.5,0.2,0.1,0.7,0.7,5.2,1,8.6,0.6046511627906977,0.19767441860465115,0.05813953488372093,0.023255813953488375,0.011627906976744188,0.0813953488372093,0.023255813953488375
121,Zach LaVine,26,CHI,4,4,38.3,6.8,15.8,0.429,2.3,6.0,0.375,4.5,9.8,0.462,0.5,3.5,3.8,0.933,0.0,5.3,5.3,6.0,0.8,0.3,3.0,2.3,19.3,1,37.0,0.5216216216216216,0.14324324324324325,0.16216216216216217,0.021621621621621623,0.008108108108108109,0.08108108108108109,0.06216216216216216
122,Damion Lee,29,GSW,16,0,7.8,0.8,2.1,0.382,0.3,1.0,0.25,0.6,1.1,0.5,0.441,0.1,0.2,0.667,0.3,1.3,1.6,0.4,0.1,0.0,0.4,0.5,2.0,2,4.8,0.4166666666666667,0.33333333333333337,0.08333333333333334,0.020833333333333336,0.0,0.08333333333333334,0.0625
123,Kevon Looney,25,GSW,22,13,20.4,2.6,4.0,0.659,0.0,0.0,0.0,2.6,4.0,0.659,0.659,0.5,0.8,0.611,2.9,4.8,7.6,2.2,0.4,0.5,0.9,2.3,5.8,0,17.4,0.33333333333333337,0.4367816091954023,0.12643678160919541,0.02298850574712644,0.02873563218390805,0.05172413793103449,0.0
124,Brook Lopez,33,MIL,12,12,27.7,4.2,8.5,0.49,0.5,2.3,0.214,3.7,6.2,0.595,0.52,1.8,1.9,0.913,2.3,3.7,5.9,0.7,0.5,1.5,0.9,2.8,10.6,0,20.599999999999998,0.5145631067961165,0.2864077669902913,0.03398058252427184,0.024271844660194178,0.07281553398058253,0.04368932038834952,0.024271844660194178
125,Kyle Lowry,35,MIA,10,10,29.5,2.5,8.6,0.291,1.3,5.4,0.241,1.2,3.2,0.375,0.366,1.5,1.9,0.789,0.3,3.3,3.6,4.7,1.2,0.7,1.9,2.9,7.8,2,21.2,0.3679245283018868,0.169811320754717,0.22169811320754718,0.05660377358490566,0.0330188679245283,0.08962264150943396,0.06132075471698114
126,Timothé Luwawu-Cabarrot,26,ATL,4,0,5.5,0.5,1.0,0.5,0.3,0.8,0.333,0.3,0.3,1.0,0.625,0.0,0.0,0.0,0.0,0.8,0.8,0.5,0.0,0.0,0.3,1.5,1.3,1,3.1999999999999997,0.40625000000000006,0.25000000000000006,0.15625,0.0,0.0,0.09375,0.09375
127,Boban Marjanovi?,33,DAL,3,0,2.0,0.3,1.3,0.25,0.0,0.0,0.0,0.3,1.3,0.25,0.25,0.7,0.7,1.0,0.0,1.0,1.0,0.0,0.3,0.0,0.7,0.0,1.3,0,3.3,0.393939393939394,0.30303030303030304,0.0,0.09090909090909091,0.0,0.21212121212121213,0.0
128,Naji Marshall,24,NOP,6,0,9.3,1.2,1.7,0.7,0.0,0.0,0.0,1.2,1.7,0.7,0.7,0.7,0.7,1.0,0.5,0.5,1.0,0.8,0.2,0.2,0.5,0.8,3.0,1,5.7,0.5263157894736842,0.17543859649122806,0.14035087719298245,0.03508771929824561,0.03508771929824561,0.08771929824561403,0.0
129,Caleb Martin,26,MIA,17,0,12.3,1.9,4.7,0.4,0.6,1.9,0.303,1.3,2.8,0.468,0.463,0.1,0.4,0.333,0.7,1.5,2.2,0.3,0.6,0.1,0.6,1.0,4.5,1,8.899999999999999,0.50561797752809,0.2471910112359551,0.03370786516853933,0.06741573033707866,0.011235955056179778,0.06741573033707866,0.06741573033707866
130,Wesley Matthews,35,MIL,12,12,28.8,2.1,5.3,0.391,1.5,3.8,0.4,0.6,1.6,0.368,0.531,0.5,0.8,0.667,0.8,2.3,3.1,1.2,0.8,0.3,0.5,2.3,6.2,2,13.600000000000001,0.45588235294117646,0.22794117647058823,0.08823529411764705,0.058823529411764705,0.022058823529411763,0.036764705882352935,0.1102941176470588
131,Tyrese Maxey,21,PHI,12,12,40.4,7.3,15.2,0.484,2.2,5.8,0.377,5.2,9.4,0.549,0.555,3.9,4.2,0.94,0.5,3.0,3.5,3.9,0.8,0.2,1.8,2.0,20.8,2,33.2,0.6265060240963856,0.10542168674698794,0.11746987951807228,0.024096385542168672,0.006024096385542168,0.05421686746987951,0.06626506024096386
132,Skylar Mays,24,ATL,2,0,4.5,0.5,0.5,1.0,0.0,0.0,0.0,0.5,0.5,1.0,1.0,0.0,0.0,0.0,0.0,0.5,0.5,0.5,0.5,0.0,0.0,0.5,1.0,2,2.5,0.4,0.2,0.2,0.2,0.0,0.0,0.0
133,CJ McCollum,30,NOP,6,6,39.0,8.2,20.8,0.392,2.8,8.5,0.333,5.3,12.3,0.432,0.46,3.0,4.3,0.692,1.8,4.8,6.7,4.8,0.7,0.8,2.5,2.5,22.2,2,40.49999999999999,0.5481481481481483,0.16543209876543213,0.11851851851851854,0.017283950617283952,0.01975308641975309,0.061728395061728406,0.06913580246913581
134,Jaden McDaniels,21,MIN,6,0,21.7,3.0,5.7,0.529,1.7,3.3,0.5,1.3,2.3,0.571,0.676,1.7,2.0,0.833,0.8,2.0,2.8,0.7,0.3,1.8,1.0,3.0,9.3,1,17.6,0.5284090909090909,0.15909090909090906,0.039772727272727265,0.017045454545454544,0.10227272727272727,0.056818181818181816,0.09659090909090907
135,JaVale McGee,34,PHO,12,0,11.1,2.9,4.2,0.7,0.0,0.1,0.0,2.9,4.1,0.714,0.7,0.9,1.1,0.846,1.3,2.7,4.0,0.6,0.3,0.4,0.8,2.3,6.8,0,12.900000000000002,0.5271317829457364,0.3100775193798449,0.04651162790697674,0.02325581395348837,0.031007751937984492,0.062015503875968984,0.0
136,Jordan McLaughlin,25,MIN,5,0,16.6,2.4,3.4,0.706,0.8,1.4,0.571,1.6,2.0,0.8,0.824,0.6,0.8,0.75,0.0,2.4,2.4,3.4,1.0,0.0,0.4,1.0,6.2,2,14.200000000000001,0.43661971830985913,0.16901408450704222,0.23943661971830985,0.0704225352112676,0.0,0.028169014084507043,0.056338028169014086
137,De'Anthony Melton,23,MEM,10,0,17.0,2.1,6.5,0.323,1.1,4.4,0.25,1.0,2.1,0.476,0.408,0.3,0.4,0.75,0.9,2.2,3.1,1.6,1.0,0.5,1.4,0.9,5.6,2,14.299999999999999,0.3916083916083916,0.2167832167832168,0.1118881118881119,0.06993006993006994,0.03496503496503497,0.0979020979020979,0.07692307692307694
138,Khris Middleton,30,MIL,2,2,36.0,5.0,12.0,0.417,3.0,7.0,0.429,2.0,5.0,0.4,0.542,1.5,1.5,1.0,0.5,4.5,5.0,7.0,1.5,0.0,5.5,3.0,14.5,1,36.5,0.3972602739726027,0.136986301369863,0.1917808219178082,0.0410958904109589,0.0,0.1506849315068493,0.0821917808219178
139,Patty Mills,33,BRK,4,0,18.0,2.3,4.0,0.563,1.8,3.3,0.538,0.5,0.8,0.667,0.781,0.0,0.0,0.0,0.0,1.0,1.0,0.0,0.0,0.3,0.3,1.3,6.3,2,9.7,0.6494845360824743,0.10309278350515465,0.0,0.0,0.030927835051546393,0.030927835051546393,0.18556701030927836
140,Paul Millsap,36,PHI,1,0,6.0,0.0,0.0,0.0,0.0,0.0,0.0,0.0,0.0,0.0,0.0,0.0,0.0,0.0,0.0,1.0,1.0,1.0,0.0,0.0,0.0,1.0,0.0,1,2.0,0.0,0.5,0.5,0.0,0.0,0.0,0.0
141,Shake Milton,25,PHI,12,0,13.2,1.5,3.2,0.474,0.7,1.3,0.533,0.8,1.9,0.435,0.579,1.3,1.7,0.8,0.3,1.3,1.6,0.9,0.5,0.3,0.4,1.1,5.0,2,9.4,0.5319148936170213,0.1702127659574468,0.09574468085106383,0.05319148936170213,0.031914893617021274,0.0425531914893617,0.07446808510638298
142,Donovan Mitchell,25,UTA,6,6,38.2,8.8,22.2,0.398,1.7,8.0,0.208,7.2,14.2,0.506,0.436,6.2,7.0,0.881,1.0,3.3,4.3,5.7,0.7,0.5,2.7,2.3,25.5,2,41.10000000000001,0.6204379562043795,0.10462287104622868,0.13868613138686128,0.017031630170316298,0.012165450121654499,0.0656934306569343,0.041362530413625295
143,Greg Monroe,31,MIN,2,0,3.5,1.0,2.5,0.4,0.0,0.0,0.0,1.0,2.5,0.4,0.4,0.0,0.0,0.0,0.5,0.5,1.0,0.5,1.0,0.0,0.5,0.5,2.0,0,5.0,0.4,0.2,0.1,0.2,0.0,0.1,0.0
144,Moses Moody,19,GSW,13,0,8.1,1.2,2.2,0.536,0.5,1.0,0.538,0.6,1.2,0.533,0.661,0.3,0.5,0.667,0.2,0.5,0.6,0.3,0.2,0.2,0.2,0.3,3.2,2,5.200000000000001,0.6153846153846153,0.11538461538461536,0.05769230769230768,0.03846153846153846,0.03846153846153846,0.03846153846153846,0.09615384615384613
145,Ja Morant,22,MEM,9,9,37.6,9.0,20.4,0.44,1.9,5.6,0.34,7.1,14.9,0.478,0.486,7.2,9.7,0.747,1.4,6.6,8.0,9.8,2.0,0.4,3.6,2.4,27.1,2,52.800000000000004,0.5132575757575757,0.1515151515151515,0.1856060606060606,0.03787878787878787,0.007575757575757576,0.06818181818181818,0.03598484848484848
146,Juwan Morgan,24,BOS,9,0,1.7,0.0,0.1,0.0,0.0,0.1,0.0,0.0,0.0,0.0,0.0,0.1,0.2,0.5,0.2,0.1,0.3,0.0,0.0,0.0,0.0,0.1,0.1,1,0.4,0.25,0.7499999999999999,0.0,0.0,0.0,0.0,0.0
147,Markieff Morris,32,MIA,1,0,3.0,0.0,1.0,0.0,0.0,0.0,0.0,0.0,1.0,0.0,0.0,0.0,0.0,0.0,0.0,1.0,1.0,0.0,0.0,0.0,1.0,2.0,0.0,1,2.0,0.0,0.5,0.0,0.0,0.0,0.5,0.0
148,Monte Morris,26,DEN,5,5,31.2,5.0,10.2,0.49,2.2,5.2,0.423,2.8,5.0,0.56,0.598,1.8,2.4,0.75,0.2,2.0,2.2,5.4,1.2,0.0,1.6,2.8,14.0,2,26.6,0.5263157894736842,0.08270676691729323,0.20300751879699247,0.045112781954887216,0.0,0.06015037593984962,0.08270676691729323
149,Trey Murphy III,21,NOP,6,0,20.0,1.5,3.7,0.409,1.5,3.2,0.474,0.0,0.5,0.0,0.614,0.7,0.8,0.8,0.5,2.0,2.5,0.5,0.5,0.2,0.2,1.5,5.2,1,10.599999999999998,0.49056603773584917,0.23584905660377364,0.04716981132075473,0.04716981132075473,0.018867924528301893,0.018867924528301893,0.14150943396226418
150,Svi Mykhailiuk,24,TOR,3,0,1.7,0.0,0.7,0.0,0.0,0.7,0.0,0.0,0.0,0.0,0.0,0.3,0.3,1.0,0.0,0.3,0.3,0.0,0.0,0.0,0.0,0.3,0.3,1,0.6,0.5,0.5,0.0,0.0,0.0,0.0,0.0
151,Larry Nance Jr.,29,NOP,6,0,21.7,3.7,6.5,0.564,0.3,1.5,0.222,3.3,5.0,0.667,0.59,1.5,1.8,0.818,3.2,2.7,5.8,1.8,0.5,0.3,1.0,2.5,9.2,1,18.900000000000002,0.4867724867724867,0.30687830687830686,0.09523809523809523,0.026455026455026454,0.015873015873015872,0.05291005291005291,0.015873015873015872
152,Aaron Nesmith,22,BOS,15,0,3.5,0.3,1.1,0.235,0.1,0.7,0.091,0.2,0.4,0.5,0.265,0.2,0.3,0.75,0.3,0.7,1.0,0.2,0.1,0.3,0.1,0.4,0.8,1,2.6,0.3076923076923077,0.3846153846153846,0.07692307692307693,0.038461538461538464,0.11538461538461538,0.038461538461538464,0.038461538461538464
153,Georges Niang,28,PHI,12,0,16.5,1.7,4.0,0.417,1.3,3.6,0.372,0.3,0.4,0.8,0.583,0.2,0.2,1.0,0.3,1.2,1.5,0.9,0.3,0.0,0.6,2.5,4.8,1,9.4,0.5106382978723404,0.15957446808510636,0.09574468085106383,0.031914893617021274,0.0,0.06382978723404255,0.13829787234042554
154,Zeke Nnaji,21,DEN,2,0,4.5,0.5,0.5,1.0,0.5,0.5,1.0,0.0,0.0,0.0,1.5,0.0,0.0,0.0,0.0,0.0,0.0,0.0,0.0,0.0,0.0,1.0,1.5,1,2.0,0.75,0.0,0.0,0.0,0.0,0.0,0.25
155,Jaylen Nowell,22,MIN,1,0,12.0,3.0,10.0,0.3,0.0,5.0,0.0,3.0,5.0,0.6,0.3,0.0,0.0,0.0,0.0,0.0,0.0,1.0,1.0,0.0,0.0,1.0,6.0,2,8.0,0.75,0.0,0.125,0.125,0.0,0.0,0.0
156,Frank Ntilikina,23,DAL,12,0,10.4,0.7,2.0,0.333,0.5,1.7,0.3,0.2,0.3,0.5,0.458,0.1,0.1,1.0,0.2,0.8,1.0,0.8,0.7,0.1,0.5,1.6,1.9,2,5.5,0.34545454545454546,0.18181818181818182,0.14545454545454548,0.12727272727272726,0.018181818181818184,0.09090909090909091,0.09090909090909091
157,Jordan Nwora,23,MIL,8,0,2.5,0.3,1.1,0.222,0.0,0.5,0.0,0.3,0.6,0.4,0.222,0.0,0.3,0.0,0.0,0.4,0.4,0.3,0.0,0.0,0.0,0.0,0.5,1,1.2,0.4166666666666667,0.33333333333333337,0.25,0.0,0.0,0.0,0.0
158,Royce O'Neale,28,UTA,6,6,31.3,2.3,5.8,0.4,1.2,4.2,0.28,1.2,1.7,0.7,0.5,0.3,0.3,1.0,1.0,4.7,5.7,1.5,0.5,0.2,0.5,2.7,6.2,1,15.799999999999999,0.3924050632911393,0.3607594936708861,0.0949367088607595,0.03164556962025317,0.012658227848101267,0.03164556962025317,0.0759493670886076
160,Onyeka Okongwu,21,ATL,5,1,21.6,1.8,3.2,0.563,0.0,0.0,0.0,1.8,3.2,0.563,0.563,1.6,2.0,0.8,2.2,3.2,5.4,0.4,0.8,0.8,0.8,3.8,5.2,0,13.400000000000004,0.3880597014925372,0.40298507462686556,0.02985074626865671,0.05970149253731342,0.05970149253731342,0.05970149253731342,0.0
161,Victor Oladipo,29,MIA,15,1,24.5,3.3,9.1,0.368,1.1,4.1,0.274,2.2,4.9,0.446,0.43,2.8,3.5,0.792,0.3,3.1,3.4,2.1,1.3,0.3,1.7,1.9,10.6,2,20.500000000000004,0.5170731707317072,0.16585365853658535,0.10243902439024388,0.06341463414634145,0.014634146341463412,0.08292682926829267,0.053658536585365846
162,Eric Paschall,25,UTA,4,0,6.0,0.8,1.5,0.5,0.3,0.5,0.5,0.5,1.0,0.5,0.583,0.3,0.3,1.0,0.3,1.0,1.3,0.0,0.3,0.0,0.0,0.8,2.0,1,3.8999999999999995,0.5128205128205129,0.33333333333333337,0.0,0.07692307692307693,0.0,0.0,0.07692307692307693
163,Chris Paul,36,PHO,13,13,34.5,6.7,11.9,0.561,1.5,3.8,0.388,5.2,8.2,0.642,0.623,2.7,2.8,0.946,0.5,3.6,4.2,8.3,1.5,0.2,2.4,3.1,17.5,2,35.6,0.49157303370786515,0.11797752808988764,0.23314606741573035,0.042134831460674156,0.0056179775280898875,0.06741573033707865,0.042134831460674156
164,Cameron Payne,27,PHO,13,0,13.2,1.7,5.7,0.297,0.4,2.3,0.167,1.3,3.4,0.386,0.331,0.4,0.5,0.833,0.2,1.4,1.5,2.1,0.5,0.1,1.0,1.9,4.2,2,9.8,0.42857142857142855,0.1530612244897959,0.21428571428571427,0.0510204081632653,0.01020408163265306,0.1020408163265306,0.04081632653061224
165,Elfrid Payton,27,PHO,2,0,4.0,1.0,1.5,0.667,0.0,0.0,0.0,1.0,1.5,0.667,0.667,0.0,0.0,0.0,0.0,0.0,0.0,1.5,0.0,0.0,0.0,0.0,2.0,2,3.5,0.5714285714285714,0.0,0.42857142857142855,0.0,0.0,0.0,0.0
166,Gary Payton II,29,GSW,12,2,16.9,2.4,3.7,0.659,0.7,1.3,0.533,1.8,2.4,0.724,0.75,1.0,1.5,0.667,1.1,2.0,3.1,1.3,1.2,0.6,0.5,1.9,6.5,2,13.899999999999999,0.4676258992805756,0.22302158273381298,0.09352517985611512,0.08633093525179857,0.04316546762589928,0.03597122302158274,0.050359712230215826
167,Jordan Poole,22,GSW,22,5,27.5,5.9,11.5,0.508,2.3,5.8,0.391,3.6,5.7,0.627,0.606,3.0,3.2,0.915,0.5,2.4,2.8,3.8,0.8,0.4,2.4,2.8,17.0,2,29.5,0.576271186440678,0.09491525423728812,0.1288135593220339,0.027118644067796613,0.013559322033898306,0.08135593220338982,0.07796610169491525
168,Otto Porter Jr.,28,GSW,19,3,19.5,2.0,4.1,0.494,1.0,2.5,0.404,1.0,1.6,0.633,0.617,0.4,0.5,0.778,0.6,2.8,3.4,1.8,0.9,0.3,0.6,1.8,5.4,1,13.400000000000002,0.4029850746268656,0.25373134328358204,0.1343283582089552,0.0671641791044776,0.022388059701492533,0.044776119402985065,0.07462686567164178
169,Bobby Portis,26,MIL,12,5,24.8,4.0,9.6,0.417,1.2,3.9,0.298,2.8,5.7,0.5,0.478,1.4,1.8,0.773,2.1,7.9,10.0,0.8,0.4,0.3,1.3,2.2,10.6,0,24.6,0.4308943089430894,0.4065040650406504,0.03252032520325203,0.016260162601626015,0.012195121951219511,0.05284552845528455,0.048780487804878044
170,Dwight Powell,30,DAL,18,18,13.8,1.2,1.9,0.629,0.0,0.1,0.0,1.2,1.8,0.667,0.629,0.8,1.3,0.609,0.9,1.7,2.6,0.2,0.2,0.3,0.5,2.2,3.2,0,7.000000000000001,0.45714285714285713,0.3714285714285714,0.02857142857142857,0.02857142857142857,0.04285714285714285,0.07142857142857142,0.0
171,Taurean Prince,27,MIN,5,0,13.0,2.0,5.4,0.37,0.8,2.8,0.286,1.2,2.6,0.462,0.444,1.2,1.4,0.857,0.2,1.4,1.6,1.2,0.4,0.2,0.8,1.0,6.0,1,11.0,0.5454545454545454,0.14545454545454548,0.10909090909090909,0.03636363636363637,0.018181818181818184,0.07272727272727274,0.07272727272727274
172,Payton Pritchard,24,BOS,24,0,12.9,1.8,4.3,0.422,1.0,3.0,0.333,0.8,1.3,0.633,0.539,0.2,0.3,0.667,0.4,1.5,1.9,1.6,0.3,0.1,0.4,1.0,4.8,2,10.1,0.4752475247524752,0.18811881188118812,0.15841584158415842,0.0297029702970297,0.009900990099009901,0.039603960396039604,0.09900990099009901
173,Paul Reed,22,PHI,12,0,11.7,1.6,3.0,0.528,0.2,0.3,0.667,1.4,2.8,0.515,0.556,0.3,0.6,0.571,1.8,2.0,3.8,0.8,0.8,0.5,0.8,2.4,3.7,0,10.600000000000001,0.3490566037735849,0.35849056603773577,0.07547169811320754,0.07547169811320754,0.04716981132075471,0.07547169811320754,0.018867924528301886
174,Naz Reid,22,MIN,5,0,10.8,1.4,3.4,0.412,0.6,1.4,0.429,0.8,2.0,0.4,0.5,1.4,1.4,1.0,0.4,2.4,2.8,0.0,0.2,1.2,1.0,2.8,4.8,0,10.6,0.4528301886792453,0.2641509433962264,0.0,0.01886792452830189,0.11320754716981132,0.09433962264150944,0.05660377358490566
175,Austin Rivers,29,DEN,5,0,21.6,1.6,3.6,0.444,0.8,2.4,0.333,0.8,1.2,0.667,0.556,0.2,0.2,1.0,0.0,0.6,0.6,1.2,1.4,0.2,0.8,3.0,4.2,2,9.200000000000001,0.45652173913043476,0.06521739130434781,0.13043478260869562,0.15217391304347824,0.021739130434782608,0.08695652173913043,0.08695652173913043
176,Duncan Robinson,27,MIA,13,0,12.2,1.9,4.4,0.439,1.4,3.6,0.383,0.5,0.8,0.7,0.596,0.4,0.5,0.833,0.2,1.6,1.8,0.4,0.3,0.1,0.2,1.7,5.6,2,9.799999999999999,0.5714285714285715,0.18367346938775514,0.04081632653061225,0.030612244897959186,0.010204081632653062,0.020408163265306124,0.14285714285714288
177,D'Angelo Russell,25,MIN,6,6,32.7,4.0,12.0,0.333,2.0,5.2,0.387,2.0,6.8,0.293,0.417,2.0,2.7,0.75,0.0,2.5,2.5,6.7,1.5,0.0,2.8,2.8,12.0,2,27.5,0.43636363636363634,0.09090909090909091,0.24363636363636365,0.05454545454545454,0.0,0.10181818181818181,0.07272727272727272
178,Landry Shamet,24,PHO,12,0,16.0,1.6,4.0,0.396,0.8,2.2,0.346,0.8,1.8,0.455,0.49,0.4,0.6,0.714,0.3,1.4,1.7,1.3,0.5,0.0,0.6,0.8,4.3,2,9.200000000000001,0.467391304347826,0.18478260869565213,0.14130434782608695,0.05434782608695651,0.0,0.06521739130434781,0.08695652173913043
180,Pascal Siakam,27,TOR,6,6,43.3,8.5,17.8,0.477,0.7,2.8,0.235,7.8,15.0,0.522,0.495,5.2,6.0,0.861,1.3,5.8,7.2,5.8,1.2,1.0,2.2,4.0,22.8,1,40.900000000000006,0.5574572127139363,0.17603911980440096,0.14180929095354522,0.029339853300733493,0.024449877750611245,0.05378973105134474,0.01711491442542787
181,Marcus Smart,27,BOS,21,21,36.2,5.4,13.3,0.405,2.3,6.5,0.35,3.1,6.8,0.458,0.491,2.4,3.0,0.806,1.0,3.6,4.5,5.9,1.2,0.2,2.5,3.4,15.4,2,31.999999999999996,0.48125000000000007,0.14062500000000003,0.18437500000000004,0.037500000000000006,0.006250000000000001,0.07812500000000001,0.07187500000000001
182,Jaden Springer,19,PHI,5,0,2.6,0.6,1.2,0.5,0.0,0.2,0.0,0.6,1.0,0.6,0.5,0.0,0.0,0.0,0.0,0.8,0.8,0.4,0.0,0.0,0.0,0.2,1.2,2,2.4,0.5,0.33333333333333337,0.16666666666666669,0.0,0.0,0.0,0.0
183,Nik Stauskas,28,BOS,13,0,1.8,0.2,0.9,0.25,0.2,0.8,0.3,0.0,0.2,0.0,0.375,0.3,0.3,1.0,0.0,0.3,0.3,0.3,0.0,0.0,0.0,0.0,1.0,2,1.8,0.5555555555555556,0.16666666666666666,0.16666666666666666,0.0,0.0,0.0,0.11111111111111112
184,Max Strus,25,MIA,18,18,29.1,3.8,10.1,0.374,2.6,7.9,0.331,1.2,2.2,0.525,0.503,0.7,1.0,0.722,0.8,3.2,4.1,2.1,0.8,0.4,1.1,3.1,10.9,1,22.000000000000004,0.49545454545454537,0.18636363636363631,0.09545454545454544,0.03636363636363636,0.01818181818181818,0.049999999999999996,0.11818181818181817
185,Jayson Tatum,23,BOS,24,24,41.0,8.4,19.7,0.426,3.2,8.2,0.393,5.2,11.5,0.449,0.507,5.7,7.1,0.8,1.0,5.7,6.7,6.2,1.2,0.9,4.2,3.0,25.6,1,48.000000000000014,0.5333333333333332,0.1395833333333333,0.12916666666666662,0.02499999999999999,0.018749999999999996,0.08749999999999998,0.06666666666666665
186,Garrett Temple,35,NOP,1,0,2.0,0.0,0.0,0.0,0.0,0.0,0.0,0.0,0.0,0.0,0.0,0.0,0.0,0.0,0.0,1.0,1.0,0.0,0.0,0.0,0.0,0.0,0.0,2,1.0,0.0,1.0,0.0,0.0,0.0,0.0,0.0
187,Daniel Theis,29,BOS,16,5,12.5,1.9,3.2,0.588,0.2,0.9,0.214,1.7,2.3,0.73,0.618,0.4,0.5,0.75,0.8,2.4,3.3,0.7,0.3,0.5,0.7,1.6,4.3,0,9.999999999999998,0.43000000000000005,0.33,0.07,0.030000000000000006,0.05000000000000001,0.07,0.020000000000000004
189,Klay Thompson,31,GSW,22,22,36.0,7.2,16.7,0.429,3.5,9.1,0.385,3.7,7.6,0.482,0.534,1.2,1.4,0.867,0.3,3.6,3.9,2.3,1.1,0.7,1.3,2.1,19.0,2,31.8,0.5974842767295597,0.12264150943396226,0.07232704402515723,0.03459119496855346,0.0220125786163522,0.040880503144654086,0.11006289308176101
190,Tristan Thompson,30,CHI,5,0,7.6,0.4,1.0,0.4,0.0,0.0,0.0,0.4,1.0,0.4,0.4,0.0,0.0,0.0,0.4,1.2,1.6,0.4,0.2,0.0,1.0,0.8,0.8,1,4.0,0.2,0.4,0.1,0.05,0.0,0.25,0.0
191,Matisse Thybulle,24,PHI,9,0,15.2,1.2,2.7,0.458,0.4,1.6,0.286,0.8,1.1,0.7,0.542,0.1,0.3,0.333,0.2,0.8,1.0,0.4,0.8,0.8,0.2,1.7,3.0,2,6.6000000000000005,0.45454545454545453,0.1515151515151515,0.06060606060606061,0.12121212121212122,0.12121212121212122,0.030303030303030304,0.06060606060606061
192,Xavier Tillman Sr.,23,MEM,9,6,15.4,2.0,2.8,0.72,0.1,0.2,0.5,1.9,2.6,0.739,0.74,0.3,0.7,0.5,1.4,1.9,3.3,0.7,0.7,0.1,1.1,1.8,4.4,1,10.399999999999999,0.4230769230769232,0.31730769230769235,0.06730769230769232,0.06730769230769232,0.009615384615384618,0.1057692307692308,0.009615384615384618
193,Juan Toscano-Anderson,28,GSW,14,0,3.5,0.3,0.7,0.4,0.1,0.4,0.4,0.1,0.4,0.4,0.5,0.1,0.2,0.333,0.0,0.7,0.7,0.6,0.1,0.1,0.6,0.2,0.8,1,3.0000000000000004,0.26666666666666666,0.23333333333333328,0.19999999999999996,0.03333333333333333,0.03333333333333333,0.19999999999999996,0.03333333333333333
194,Karl-Anthony Towns,26,MIN,6,6,37.0,6.5,13.3,0.488,1.7,3.7,0.455,4.8,9.7,0.5,0.55,7.2,8.3,0.86,1.8,9.0,10.8,2.2,0.7,2.0,4.5,4.2,21.8,0,43.70000000000001,0.4988558352402745,0.24713958810068645,0.05034324942791761,0.016018306636155603,0.04576659038901601,0.10297482837528601,0.03890160183066361
195,Gary Trent Jr.,23,TOR,6,6,33.2,5.2,13.7,0.378,2.2,6.5,0.333,3.0,7.2,0.419,0.457,2.8,3.2,0.895,0.2,1.5,1.7,1.3,1.0,0.5,0.5,1.8,15.3,2,22.5,0.68,0.07555555555555556,0.05777777777777778,0.044444444444444446,0.022222222222222223,0.022222222222222223,0.09777777777777778
196,P.J. Tucker,36,MIA,18,18,28.3,3.0,6.1,0.495,1.3,2.8,0.451,1.7,3.2,0.534,0.601,0.6,0.9,0.688,1.9,3.7,5.7,1.8,0.8,0.3,0.7,2.8,7.9,1,18.500000000000004,0.42702702702702694,0.30810810810810807,0.09729729729729727,0.04324324324324324,0.016216216216216214,0.037837837837837826,0.07027027027027026
197,Rayjon Tucker,24,MIL,8,0,2.4,0.1,0.4,0.333,0.0,0.1,0.0,0.1,0.3,0.5,0.333,0.0,0.0,0.0,0.1,0.3,0.4,0.0,0.0,0.0,0.0,0.3,0.3,2,0.7,0.4285714285714286,0.5714285714285715,0.0,0.0,0.0,0.0,0.0
198,Jonas Valan?i?nas,29,NOP,6,6,29.2,5.5,11.3,0.485,0.2,1.0,0.167,5.3,10.3,0.516,0.493,3.3,4.3,0.769,5.5,8.8,14.3,3.0,0.7,0.2,2.0,2.8,14.5,0,34.900000000000006,0.41547277936962745,0.4097421203438395,0.08595988538681947,0.020057306590257874,0.005730659025787965,0.057306590257879646,0.005730659025787965
199,Jarred Vanderbilt,22,MIN,6,6,21.5,2.2,4.5,0.481,0.0,0.0,0.0,2.2,4.5,0.481,0.481,1.2,1.7,0.7,2.0,5.2,7.2,0.7,1.2,0.3,0.8,2.7,5.5,1,15.7,0.35031847133757965,0.4585987261146497,0.044585987261146494,0.07643312101910828,0.01910828025477707,0.050955414012738856,0.0
200,Fred VanVleet,27,TOR,4,4,35.0,4.8,13.5,0.352,3.0,9.0,0.333,1.8,4.5,0.389,0.463,1.3,1.5,0.833,0.5,2.5,3.0,6.3,1.8,1.0,1.0,3.0,13.8,2,29.900000000000002,0.4615384615384615,0.1003344481605351,0.21070234113712372,0.060200668896321065,0.033444816053511704,0.033444816053511704,0.1003344481605351
201,Luca Vildoza,26,MIL,7,0,2.4,0.3,0.9,0.333,0.1,0.7,0.2,0.1,0.1,1.0,0.417,0.0,0.0,0.0,0.1,0.1,0.3,0.6,0.3,0.0,0.0,0.3,0.7,2,2.0,0.35,0.15,0.3,0.15,0.0,0.0,0.05
202,Gabe Vincent,25,MIA,18,8,23.5,2.8,7.3,0.382,1.4,4.5,0.309,1.4,2.8,0.5,0.477,1.1,1.1,0.95,0.2,1.8,1.9,3.2,0.8,0.3,1.4,2.3,8.0,2,17.000000000000004,0.47058823529411753,0.11176470588235292,0.18823529411764703,0.04705882352941176,0.017647058823529408,0.08235294117647056,0.08235294117647056
203,Nikola Vu?evi?,31,CHI,5,5,36.2,8.0,18.2,0.44,2.6,8.4,0.31,5.4,9.8,0.551,0.511,0.8,1.0,0.8,2.8,9.6,12.4,3.2,0.4,1.2,1.6,2.8,19.4,0,40.800000000000004,0.4754901960784313,0.30392156862745096,0.0784313725490196,0.00980392156862745,0.02941176470588235,0.0392156862745098,0.06372549019607843
204,Ish Wainright,27,PHO,7,0,3.7,0.7,1.7,0.417,0.4,0.9,0.5,0.3,0.9,0.333,0.542,0.0,0.0,0.0,1.0,0.6,1.6,0.1,0.1,0.1,0.4,0.3,1.9,1,4.6000000000000005,0.4130434782608695,0.34782608695652173,0.021739130434782608,0.021739130434782608,0.021739130434782608,0.08695652173913043,0.08695652173913043
205,Yuta Watanabe,27,TOR,4,0,2.5,0.5,1.5,0.333,0.0,0.3,0.0,0.5,1.3,0.4,0.333,0.0,0.0,0.0,0.0,0.0,0.0,0.0,0.0,0.0,0.3,0.0,1.0,1,1.3,0.7692307692307692,0.0,0.0,0.0,0.0,0.23076923076923075,0.0
206,Coby White,21,CHI,5,0,19.6,3.0,9.0,0.333,1.6,5.8,0.276,1.4,3.2,0.438,0.422,0.8,1.0,0.8,0.0,3.4,3.4,1.8,0.2,0.0,1.2,1.0,8.4,2,16.6,0.5060240963855421,0.2048192771084337,0.10843373493975902,0.012048192771084336,0.0,0.07228915662650602,0.09638554216867469
207,Derrick White,27,BOS,23,3,25.4,2.8,7.7,0.364,1.1,3.6,0.313,1.7,4.0,0.409,0.438,1.8,2.2,0.824,0.3,2.7,3.0,2.7,0.9,0.6,1.3,2.0,8.5,2,18.1,0.46961325966850825,0.16574585635359115,0.14917127071823205,0.049723756906077346,0.03314917127071823,0.0718232044198895,0.06077348066298342
208,Hassan Whiteside,32,UTA,6,0,10.8,0.8,2.0,0.417,0.0,0.0,0.0,0.8,2.0,0.417,0.417,0.2,0.7,0.25,1.3,3.8,5.2,0.0,0.3,1.3,0.0,1.5,1.8,0,8.6,0.20930232558139536,0.6046511627906977,0.0,0.03488372093023256,0.15116279069767444,0.0,0.0
209,Andrew Wiggins,26,GSW,22,22,34.9,6.5,13.9,0.469,1.6,4.8,0.333,4.9,9.1,0.54,0.526,1.9,3.0,0.646,2.5,5.0,7.5,1.8,1.0,1.0,1.4,2.5,16.5,1,30.8,0.5357142857142857,0.2435064935064935,0.05844155844155844,0.032467532467532464,0.032467532467532464,0.04545454545454545,0.05194805194805195
210,Grant Williams,23,BOS,24,5,27.3,2.7,6.3,0.433,1.5,3.7,0.393,1.3,2.5,0.492,0.55,1.8,2.2,0.808,1.0,2.8,3.8,0.8,0.3,0.8,0.8,3.5,8.6,1,16.6,0.5180722891566264,0.22891566265060237,0.048192771084337345,0.018072289156626505,0.048192771084337345,0.048192771084337345,0.09036144578313252
211,Patrick Williams,20,CHI,5,5,30.6,4.4,9.4,0.468,1.4,4.2,0.333,3.0,5.2,0.577,0.543,1.6,2.2,0.727,1.2,4.2,5.4,0.8,1.0,0.6,1.4,3.0,11.8,1,22.400000000000002,0.5267857142857143,0.24107142857142858,0.03571428571428571,0.04464285714285714,0.02678571428571428,0.06249999999999999,0.06249999999999999
212,Robert Williams,24,BOS,17,15,23.2,3.1,4.6,0.679,0.0,0.1,0.0,3.1,4.5,0.688,0.679,1.5,1.6,0.893,2.5,3.6,6.2,1.0,0.7,2.2,0.6,2.0,7.7,0,18.400000000000002,0.4184782608695652,0.33695652173913043,0.05434782608695651,0.03804347826086956,0.11956521739130434,0.032608695652173905,0.0
213,Ziaire Williams,20,MEM,10,1,16.8,2.3,5.2,0.442,1.1,3.6,0.306,1.2,1.6,0.75,0.548,1.2,1.3,0.923,0.4,1.2,1.6,0.5,0.5,0.0,0.2,1.4,6.9,1,10.799999999999999,0.638888888888889,0.14814814814814817,0.0462962962962963,0.0462962962962963,0.0,0.01851851851851852,0.10185185185185187
214,Delon Wright,29,ATL,5,0,27.4,3.0,5.8,0.517,1.0,2.6,0.385,2.0,3.2,0.625,0.603,1.2,1.8,0.667,2.2,2.6,4.8,2.8,0.8,0.2,1.0,0.4,8.2,2,18.8,0.4361702127659574,0.2553191489361702,0.14893617021276595,0.0425531914893617,0.010638297872340425,0.05319148936170213,0.05319148936170213
215,Thaddeus Young,33,TOR,6,0,14.5,1.5,3.0,0.5,0.2,1.2,0.143,1.3,1.8,0.727,0.528,0.2,0.7,0.25,1.2,1.8,3.0,1.7,0.8,0.2,0.5,1.3,3.3,1,9.7,0.3402061855670103,0.30927835051546393,0.1752577319587629,0.08247422680412372,0.02061855670103093,0.051546391752577324,0.02061855670103093
216,Trae Young,23,ATL,5,5,37.2,4.4,13.8,0.319,1.4,7.6,0.184,3.0,6.2,0.484,0.37,5.2,6.6,0.788,1.0,4.0,5.0,6.0,0.6,0.0,6.2,2.6,15.4,2,34.6,0.44508670520231214,0.1445086705202312,0.17341040462427745,0.017341040462427744,0.0,0.1791907514450867,0.040462427745664734
217,Omer Yurtseven,23,MIA,9,0,4.2,1.3,2.0,0.667,0.0,0.2,0.0,1.3,1.8,0.75,0.667,0.1,0.3,0.333,0.1,0.7,0.8,0.3,0.0,0.1,0.0,0.2,2.8,0,3.9999999999999996,0.7000000000000001,0.20000000000000004,0.07500000000000001,0.0,0.025000000000000005,0.0,0.0
